{"num_redshifts":[13,12,6,2,1,1,1,1],"message":"","status":0,"sr_at_10Mpc_deg":4.93194209621621,"obj_counts":[2,2,2,5,35],"sudo_density":[3.81971863420549,0.477464829275687,0.0596831036594608,0.00954929658551373,0.00835563451232452],"target":"2MASX J18113342+0131427","references":["1998PASJ...50...47R","2012ApJS..199...26H","20096dF...C...0000J","1996AJ....112.1803M","2008ApJ...685.1320C","2006HIPAS.C...0000:","1998A&AS..130..333T","1996PASJ...48..679R"],"data_table":[["2MASX J18113342+0131427",272.88920833333,1.52852777778,"G     ",8759.036274603,"    ","2012ApJS..199...26H",0,0,0],["2MASX J18113842+0131397",272.91008333333,1.52772222222,"G     ",8676.893140837,"    ","2012ApJS..199...26H",92.2104239760958,0.0422379568160309,-82.143133492],["2MASX J18092827+0246224",272.36791666667,2.77291666667,"G     ",7039.12693732,"    ","1998PASJ...50...47R",-22.705856205244,2.72901683450172,-1719.909331546],["2MASX J18100993-0010196",272.54141666667,-0.17211111111,"G     ",6765.116629794,"    ","1998PASJ...50...47R",-168.440292295612,3.51194431099399,-1993.919638158],["2MASX J18092888-0038358",272.37025,-0.64327777778,"G     ",7182.127940263,"    ","2012ApJS..199...26H",-166.558544834781,4.51860103507911,-1576.90832908],["2MASX J18135091+0231217",273.46216666667,2.52275,"G     ",5028.11915232725,"    ","1998PASJ...50...47R",29.9292300910667,2.32086419869356,-3730.91710983075],["CGCG 028-003",270.41645833333,1.90769444444,"G     ",6762.11855530777,"    ","1996AJ....112.1803M",-81.2426904501723,5.06079300268452,-1996.91771263423],["2MASX J18104414+0412464",272.683875,4.21288888889,"G     ",12478.8612557712,"    ","1998PASJ...50...47R",-4.36396755166917,5.4491867279702,3719.82496876023],["2MASX J18041841-0029333",271.07666666667,-0.49263888889,"G     ",6981.86675752647,"    ","20096dF...C...0000J",-138.103998532243,5.49491421841478,-1777.16951114853],["CGCG 028-004",270.86445833333,-0.29530555556,"G     ",7389.88411435,"    ","2012ApJS..199...26H",-131.998148705966,5.51553985027188,-1369.152155686],["2MASX J18024215-0020441",270.67558333333,-0.34561111111,"G     ",7198.01694059,"    ","2012ApJS..199...26H",-130.237818571128,5.87107042735376,-1561.019328806],["6dF J1801256-002904",270.356625,-0.48452777778,"G     ",7093.98874746228,"    ","20096dF...C...0000J",-128.463508555968,6.55002088977026,-1665.04752158672],["CGMW 3-1310",270.35603881143,-0.48483245138,"GPair ",4022.91512723798,"    ","1998PASJ...50...47R",-128.461270775935,6.55133659835836,-4736.12113156702],["HIPASS J1758+00",269.68833333333,0.66111111111,"G     ",3894.603834869,"    ","2006HIPAS.C...0000:",-105.130773319504,6.71385677741654,-4864.432423508],["CGCG 028-002",269.52433333333,1.32286111111,"G     ",7177.03167831472,"    ","1998PASJ...50...47R",-93.4558625801814,6.82422283770401,-1582.00459101128],["2MASX J17593020-0007470",269.87591666667,-0.12975,"G     ",10254.1008779058,"    ","20096dF...C...0000J",-118.801894610342,6.96437240629051,1495.06459831581],["2MASX J17580034+0053301",269.501375,0.89180555556,"G     ",7075.1020324,"    ","2012ApJS..199...26H",-100.607664833925,6.97904379623769,-1683.934236586],["2MASX J18000079+0330534",270.003375,3.51488888889,"G     ",6810.08570849872,"    ","1998PASJ...50...47R",-55.3773580844444,7.08982162609807,-1948.95055960328],["2MASX J17573109+0215412",269.37958333333,2.26138888889,"G     ",7678.88431463921,"    ","1998PASJ...50...47R",-78.14462822545,7.25725256730684,-1080.15195636079],["2MASX J17570819+0145553",269.28416666667,1.76541666667,"G     ",7615.927628436,"    ","2012ApJS..199...26H",-86.1883394695189,7.31391667438528,-1143.108642354],["2MASX J17574723+0259401",269.44679166667,2.99447222222,"G     ",8596.84840438777,"    ","1998PASJ...50...47R",-66.8561295137419,7.57321127633105,-162.187869674229],["2MASX J17574149+0305162",269.42295833333,3.08777777778,"G     ",7692.074913022,"    ","2012ApJS..199...26H",-65.6999592431402,7.69335842142589,-1066.961358022],["CGMW 3-1258",270.0675,4.09888888889,"G     ",6765.116629794,"    ","1998PASJ...50...47R",-47.5733265486491,7.72601059829179,-1993.919638158],["2MASX J18260716+0301375",276.529875,3.02713888889,"G     ",9683.89589070101,"    ","1996PASJ...48..679R",67.5454554489557,7.96996648582308,924.859613013016],["2MASX J18002601-0119063",270.10845833333,-1.31836111111,"G     ",7344.9152455,"    ","2012ApJS..199...26H",-135.662264389643,8.06168228695247,-1414.121024386],["CGCG 056-004",269.53804166667,3.73472222222,"G     ",7883.04291925972,"    ","1996AJ....112.1803M",-56.5460308382352,8.12193137757955,-875.993352421279],["2MASX J17594458-0117229",269.93575,-1.28969444444,"G     ",9778.03102261947,"    ","20096dF...C...0000J",-133.645508035874,8.27039557643556,1018.99474461747],["2MFGC 14154",270.01170833333,-1.52208333333,"G     ",7296.04886482828,"    ","20096dF...C...0000J",-136.663187458809,8.49662007849894,-1462.98740489472],["UGC 11134",272.63833333333,5.73319444444,"G     ",6477.01604671575,"    ","1998A&AS..130..333T",-3.40053476281109,8.53474800403877,-2282.02022027525],["LDCE 1278",268.91041666667,0.13638888889,"GTrpl ",6939.89578328723,"    ","2008ApJ...685.1320C",-109.249773042871,8.54025788790998,-1819.14048524777],["2MASX J17552790-0001525",268.86629166667,-0.03130555556,"G     ",10260.996494193,"    ","2012ApJS..199...26H",-111.15997253388,8.74258057259594,1501.96021458],["2MASX J17551249-0002391",268.80208333333,-0.04427777778,"G     ",7011.84594346798,"    ","1998PASJ...50...47R",-111.014079218007,8.87392492035239,-1747.19032530702],["2MASX J17541439+0251061",268.56008333333,2.85172222222,"G     ",8044.93066724425,"    ","1998PASJ...50...47R",-72.9177672256424,9.16866213699907,-714.105604976754],["2MFGC 14104",268.54229166667,2.99191666667,"G     ",7701.068686792,"    ","2012ApJS..199...26H",-71.303734308407,9.2899799153478,-1057.967584282],["CGCG 056-003",269.44541666667,4.61788888889,"G     ",8053.924411035,"    ","2012ApJS..199...26H",-47.9839739882023,9.36961182025777,-705.111861216],["2MFGC 14101",268.42929166667,-0.43797222222,"G     ",7118.87191128948,"    ","20096dF...C...0000J",-113.762003121956,9.88159903772525,-1640.16435784252],["2MASX J18131817+0624183",273.32570833333,6.40505555556,"G     ",9691.09153928118,"    ","1998PASJ...50...47R",5.0891931945169,9.92660234815383,932.055261569179]],"notice":"","center":" NED Adopted cz of 8759 km/s","ang_dist":"Angular-Size Distance = 115.9 Mpc"}