{"ang_dist":"Angular-Size Distance = 133.0 Mpc","status":0,"sr_at_10Mpc_deg":4.30139126758105,"obj_counts":[1,1,1,5,27],"data_table":[["2MASX J20371771+2531377",309.32383333333,25.52713888889,"G     ",10102.1069705909,"    ","1995AJ....110.1993S",0,0,0],["2MFGC 15653",309.70308333333,24.10358333333,"G     ",10457.060762379,"    ","2012ApJS..199...26H",166.326196553444,3.39924069013339,354.953790604068],["2MASX J20311851+2436031",307.82725,24.60094444444,"G     ",11005.081377431,"    ","2012ApJS..199...26H",-124.0223245076,3.8108100062891,902.974403828067],["2MASX J20290596+2442225",307.274875,24.70627777778,"G     ",10931.932017435,"    ","2012ApJS..199...26H",-113.430149267094,4.70940727374777,829.825044076067],["2MASX J20371121+2326266",309.29691666667,23.44080555556,"G     ",10443.869894183,"    ","2012ApJS..199...26H",-179.321686119273,4.84372782468289,341.762922452068],["2MFGC 15681",310.35841666667,26.43483333333,"G     ",7276.862357307,"    ","2012ApJS..199...26H",45.470719525566,3.01606663878695,-2825.24460385993],["2MASX J20422235+2454438",310.59320833333,24.91211111111,"G     ",14714.113680179,"    ","2012ApJS..199...26H",117.900244012348,3.02336347065797,4612.00669420407],["IRAS  20442+2438",311.60068876061,24.82879437203,"G     ",12105.0200893775,"    ","1997ApJS..112..245N",108.235479197124,5.05085104136521,2002.91311210554],["IV Zw 065",311.75766666667,25.43375,"G     ",14810.0472970382,"    ","1995ApJS..100...69F",91.9099697432478,5.10532043524547,4707.94031074331],["2MASX J20480663+2511273",312.02766666667,25.19094444444,"G     ",15001.914440819,"    ","2012ApJS..199...26H",97.2540769068161,5.72642016706422,4899.80745388407],["CIZA J2048.6+2515",312.17208333333,25.25305555556,"GClstr",14449.9965537792,"    ","2002ApJ...580..774E",95.4680736586185,6.00859942526528,4347.88956868531],["MCG +04-49-003",312.17958333333,25.28177777778,"G     ",14464.086769373,"    ","2012ApJS..199...26H",94.8195926151205,6.0168663296284,4361.97978423207],["2MASX J20483678+2503145",312.15325,25.05402777778,"G     ",13985.018419891,"    ","2012ApJS..199...26H",99.8711474866844,6.0409363566514,3882.91143634807],["2MASX J20302955+2740429",307.623125,27.67861111111,"G     ",14709.016968542,"    ","1997ApJS..112..245N",-34.8753002422745,6.11762138713959,4606.9099825841],["2MASX J20482269+2713043",312.0945,27.21791666667,"G     ",14366.954012657,"    ","2012ApJS..199...26H",55.1306335604378,6.97533527469894,4264.84702784007],["2MASX J20235668+2542038",305.98625,25.70105555556,"G     ",13258.021706816,"    ","2012ApJS..199...26H",-85.9720296112457,7.00154811781192,3155.91472569807],["2MASX J20244953+2644356",306.20641666667,26.74313888889,"G     ",12231.832119659,"    ","2012ApJS..199...26H",-65.8343311020137,7.08711215210573,2129.72514196407],["2MASX J20484194+2324082",312.17479166667,23.40238888889,"G     ",8047.029184478,"    ","2012ApJS..199...26H",128.712320534159,7.79093363351568,-2055.07777925793],["CGCG 470-002",311.40675,22.74355555556,"G     ",11905.0578896603,"    ","1999ApJS..121..287H",145.240330729991,7.83015290685878,1802.95091305538],["LQAC 311+028 001",311.01875,28.55336111111,"G     ",14989.6231598547,"    ","1998A&AS..132..341M",26.1313694371792,7.85628022768033,4887.51617296079],["2MASX J20220989+2459351",305.54129166667,24.99319444444,"G     ",13332.969821566,"    ","2012ApJS..199...26H",-98.0609272970688,8.04355005980747,3230.86284019807],["2MASX J20440766+2225489",311.031875,22.43027777778,"G     ",7096.08750453,"    ","2012ApJS..199...26H",152.902912914589,8.05656617272942,-3006.01945603393],["2MASX J20462837+2240255",311.61820833333,22.67369444444,"G     ",14282.11274676,"    ","2012ApJS..199...26H",143.246882126815,8.22338688820935,4180.00576222607],["UGC 11625",311.48725,28.53219444444,"G     ",14569.9133275245,"    ","1997ApJS..112..245N",32.1858905290109,8.29399685417614,4467.80634203059],["2MASX J20392286+2933277",309.84529166667,29.55769444444,"G     ",14557.92180904,"    ","2012ApJS..199...26H",6.42476309817041,9.42979796854442,4455.81482358607],["CGCG 447-017",310.77695833333,21.63411111111,"G     ",14450.8955714053,"    ","1997ApJS..112..245N",160.819273952987,9.56372925291918,4348.78858630836],["2MASX J20554731+2547591",313.947125,25.79972222222,"G     ",10368.921659516,"    ","1997ApJS..112..245N",85.2579863127655,9.70722109912708,266.814688035085],["2MASX J20534444+2333515",313.435125,23.56427777778,"G     ",14703.021359196,"    ","2012ApJS..199...26H",116.827689199035,9.8175279970558,4600.91437325807]],"message":"","num_redshifts":[18,5,1,1,1,1,1],"sudo_density":[1.90985931710275,0.238732414637843,0.0298415518297304,0.00954929658551373,0.00644577519522177],"references":["2012ApJS..199...26H","1997ApJS..112..245N","2002ApJ...580..774E","1999ApJS..121..287H","1998A&AS..132..341M","1995ApJS..100...69F","1995AJ....110.1993S"],"target":"2MASX J20371771+2531377","notice":"","center":" NED Adopted cz of 10102 km/s"}