{"references":["2012ApJS..199...26H","1992ApJS...83...29S","1997ApJS..112..245N","1995ApJS..100...69F"],"status":0,"obj_counts":[1,1,3,10,21],"notice":"","data_table":[["2MASX J21112926+5823074",317.87666666667,58.38422222222,"G     ",11705.0968291545,"    ","1992ApJS...83...29S",0,0,0],["2MASX J21133559+5817547",318.39875,58.29863888889,"G     ",10964.909187925,"    ","2012ApJS..199...26H",107.122660210543,0.767023021810916,-740.18763876049],["2MASX J21092185+5857595",317.341,58.96644444444,"G     ",12024.975322949,"    ","2012ApJS..199...26H",-25.333988430979,1.72447141691927,319.878492727509],["2MASX J21075698+5910470",316.9875,59.17975,"G     ",11941.0338241592,"    ","1995ApJS..100...69F",-29.7043096115999,2.45660169583368,235.936994217705],["2MASX J21113874+5717065",317.911875,57.28497222222,"G     ",11372.0271673715,"    ","1997ApJS..112..245N",179.008204004914,2.93783225331602,-333.069660671966],["2MASX J21132723+5717107",318.363625,57.28630555556,"G     ",11510.831255764,"    ","2012ApJS..199...26H",166.508512800713,3.01451310341907,-194.265572742491],["2MASX J21130016+5944492",318.25079166667,59.74705555556,"G     ",11768.952562963,"    ","2012ApJS..199...26H",7.8722078904446,3.67807338615095,63.8557335955091],["2MASX J21014752+5743323",315.44804166667,57.72555555556,"G     ",11276.093760367,"    ","2012ApJS..199...26H",-116.104707231251,3.85861449653489,-429.003067356491],["2MASX J20591430+5838107",314.80958333333,58.63636111111,"G     ",11598.070861333,"    ","2012ApJS..199...26H",-79.7503254370135,4.33397712634654,-107.025967464491],["2MASX J20585215+5738335",314.71716666667,57.64269444444,"G     ",10952.917489565,"    ","2012ApJS..199...26H",-112.550670869279,4.89206243780634,-752.179337080492],["2MASX J21194921+5816402",319.95445833333,58.27805555556,"G     ",16535.952453522,"    ","2012ApJS..199...26H",94.6739041373423,2.9286365184331,4830.85560825351],["2MASX J21233995+6001261",320.91633333333,60.02361111111,"G     ",11923.045886889,"    ","2012ApJS..199...26H",42.2118563439873,6.04152212757704,217.949057007509],["2MASX J21171980+6044150",319.34170833333,60.73336111111,"G     ",8601.04564871,"    ","2012ApJS..199...26H",16.9055994444103,6.58609170706874,-3104.05117009049],["3C 430",319.579625,60.80205555556,"G     ",16651.972135155,"    ","2012ApJS..199...26H",18.8887174797792,6.86234673371953,4946.87528949951],["2MASX J20511259+5726315",312.8025,57.44211111111,"G     ",12111.915136059,"    ","2012ApJS..199...26H",-107.10384490628,7.63307997836849,406.818305547509],["2MASX J20490061+5739550",312.25245833333,57.66519444444,"G     ",10945.122885631,"    ","2012ApJS..199...26H",-101.17606254385,8.19140498068758,-759.973940988491],["2MASX J20475419+5735501",311.97595833333,57.59722222222,"G     ",12691.114166847,"    ","2012ApJS..199...26H",-101.609105707174,8.62327364005977,986.01733440351],["4C +57.35",311.7825,57.59363888889,"G     ",11444.876914784,"    ","2012ApJS..199...26H",-101.154683168107,8.89250446805888,-260.21991350249],["2MASX J20483420+5701370",312.14266666667,57.02688888889,"G     ",11535.114444943,"    ","2012ApJS..199...26H",-111.45399468993,8.95918969004361,-169.982383644492],["2MASX J20453697+5733282",311.40404166667,57.55775,"G     ",10645.930011549,"    ","2012ApJS..199...26H",-100.778403775822,9.44177871749207,-1059.16681407249],["2MASX J20453392+5705462",311.39145833333,57.09619444444,"G     ",7868.95264370748,"    ","1992ApJS...83...29S",-107.646610850492,9.87708386962236,-3836.14417265102]],"sudo_density":[1.90985931710275,0.238732414637843,0.0895246554891912,0.0190985931710275,0.00501338070739471],"message":"","num_redshifts":[17,2,1,1],"sr_at_10Mpc_deg":3.73739767223399,"ang_dist":"Angular-Size Distance = 153.1 Mpc","center":" NED Adopted cz of 11705 km/s","target":"2MASX J21112926+5823074"}