{"target":"2MASX J14405901-3704322","message":"","sr_at_10Mpc_deg":2.23220411733194,"sudo_density":[1.90985931710275,0.71619724391353,0.119366207318922,0.0190985931710275,0.0224408469759573],"obj_counts":[1,3,4,10,94],"status":0,"data_table":[["2MASX J14405901-3704322",220.24586708333,-37.07553777778,"G     ",20277.0615001094,"    ","1992ApJS...83...29S",0,0,0],["2MASX J14411322-3712204",220.30520833333,-37.20558333333,"G     ",20441.0499837919,"    ","20096dF...C...0000J",160.028970035482,0.619621218076993,163.988483135466],["2MASX J14405092-3712492",220.21220833333,-37.21372222222,"G     ",20418.8633631956,"    ","20096dF...C...0000J",-169.022335172724,0.630291997594282,141.801862613244],["2MASX J14401869-3716016",220.07783333333,-37.26719444444,"G     ",20575.056493463,"    ","20096dF...C...0000J",-145.111913241988,1.04684779215453,297.994992359566],["2MASX J14414512-3756083",220.43791666667,-37.93555555556,"G     ",20906.0265287801,"    ","20096dF...C...0000J",170.012652742673,3.91108074391345,628.965026572688],["2MFGC 11910",220.35954166667,-37.97566666667,"G     ",18769.106480613,"    ","20096dF...C...0000J",174.315124260603,4.05092631557463,-1507.9550144664],["2MASX J14365719-3639375",219.23825,-36.66047222222,"G     ",18550.8580501289,"    ","20096dF...C...0000J",-63.0591233213027,4.06013883800412,-1726.20344422247],["2MASX J14361768-3702254",219.07379166667,-37.04036111111,"G     ",18760.1132464694,"    ","20096dF...C...0000J",-88.19946843388,4.19142685713547,-1516.94824857997],["2MASX J14360536-3701546",219.02229166667,-37.03186111111,"G     ",18510.0854063068,"    ","20096dF...C...0000J",-87.8077407471717,4.37715294840401,-1766.97608790859],["2MASX J14363712-3745204",219.15458333333,-37.75569444444,"G     ",20617.0263584701,"    ","20096dF...C...0000J",-128.452510036362,4.93378419713516,339.96485722672],["2MASX J14393573-3659027",219.898875,-36.98419444444,"G     ",16434.9222449428,"    ","20096dF...C...0000J",-71.8547797189482,1.30605228009877,-3842.13924235063],["2MASX J14382757-3643187",219.614875,-36.72186111111,"G     ",23144.877212177,"    ","20096dF...C...0000J",-55.1631098783534,2.75923202017801,2867.8157025016],["2MASX J14375352-3701109",219.47291666667,-37.01972222222,"G     ",16141.1253653096,"    ","20096dF...C...0000J",-85.0631774423705,2.7737045255687,-4135.93612100384],["2MASX J14425286-3633139",220.72020833333,-36.55388888889,"G     ",23056.1390640224,"    ","20096dF...C...0000J",36.1960232481609,2.88921258591032,2779.07755464304],["2MASX J14374116-3702089",219.4215,-37.03594444444,"G     ",16285.0257156503,"    ","20096dF...C...0000J",-86.8043797412497,2.95120710954162,-3992.03577114308],["2MASX J14373087-3708399",219.37870833333,-37.14444444444,"G     ",23361.927192327,"    ","20096dF...C...0000J",-95.9517901995788,3.11192461207067,3084.86568192757],["2MASX J14380678-3638577",219.52829166667,-36.64947222222,"G     ",22855.8764722614,"    ","20096dF...C...0000J",-53.6356381310161,3.2013764698676,2578.81496354996],["2MASX J14433359-3627593",220.889875,-36.46647222222,"G     ",22789.9218914474,"    ","20096dF...C...0000J",40.4574605204486,3.57413159404206,2512.860382956],["2MASX J14365873-3711255",219.244625,-37.19036111111,"G     ",23325.9523970394,"    ","20096dF...C...0000J",-98.4877329823803,3.61115966839961,3048.89088676003],["2MASX J14400688-3755406",220.02858333333,-37.92797222222,"G     ",23992.0916906261,"    ","20096dF...C...0000J",-168.633874461797,3.89442337388684,3715.03017812471],["2MASX J14452007-3657455",221.33358333333,-36.96269444444,"G     ",24034.0615556333,"    ","20096dF...C...0000J",82.9245118650561,3.9216427678627,3757.00004299186],["2MASX J14441144-3742572",221.04779166667,-37.71588888889,"G     ",23912.046114758,"    ","20096dF...C...0000J",135.388848633616,4.04490398496165,3634.9846025236],["FGCE 1174",219.14579166667,-36.72044444444,"G     ",16255.0470693352,"    ","20096dF...C...0000J",-68.3501128135291,4.24825176958653,-4022.01441735817],["2MASX J14353198-3703052",218.88325,-37.0515,"G     ",23295.972611513,"    ","20096dF...C...0000J",-89.144248451329,4.87034852979989,3018.9111013336],["2MASX J14405170-3556402",220.2155,-35.94458333333,"G     ",17583.1276027467,"    ","20096dF...C...0000J",-1.24538720455517,5.06581044867985,-2693.93388837666],["2MASX J14405302-3556302",220.22095833333,-35.94177777778,"G     ",17810.0708839399,"    ","20096dF...C...0000J",-1.01909554570175,5.0779897215234,-2466.99060794046],["2MASX J14425748-3808439",220.7395,-38.14552777778,"G     ",23992.9896289993,"    ","20096dF...C...0000J",160.074616871304,5.10157631655763,3715.92811649492],["2MASX J14435963-3606183",220.9985,-36.10516666667,"G     ",20719.855891409,"    ","20096dF...C...0000J",32.1377526880734,5.11922911137793,442.794389822619],["2MASX J14450376-3616047",221.26566666667,-36.26808333333,"G     ",15605.097108161,"    ","20096dF...C...0000J",45.6755056321536,5.1470005676701,-4671.96437636443],["2MASX J14450790-3615397",221.28283333333,-36.26102777778,"G     ",20281.859348644,"    ","20096dF...C...0000J",45.9109043182034,5.2132573398242,4.79784851858372],["2MASX J14351886-3643233",218.82858333333,-36.72322222222,"G     ",18552.056740297,"    ","20096dF...C...0000J",-73.1584191230804,5.31510639612097,-1725.0047540584],["2MASX J14350065-3645391",218.75275,-36.76083333333,"G     ",17435.9292655438,"    ","20096dF...C...0000J",-75.6804486460098,5.52850309367729,-2841.13222508863],["2MASX J14343048-3708452",218.627125,-37.14583333333,"G     ",23019.8627374796,"    ","20096dF...C...0000J",-93.6050957067299,5.78962475849022,2742.80122822125],["2MASX J14472403-3718130",221.85008333333,-37.30358333333,"G     ",21332.0329920644,"    ","20096dF...C...0000J",100.60167622627,5.81361635523985,1054.97148843599],["2MASX J14395017-3547319",219.95904166667,-35.79219444444,"G     ",17071.9808305876,"    ","20096dF...C...0000J",-10.2790685712079,5.83946834290482,-3205.08065883082],["ESO 327- G 006",220.137125,-38.40952777778,"G     ",24374.0264439732,"    ","20096dF...C...0000J",-176.344974445161,5.98656867696441,4096.96493019783],["2MASXi J1442318-354341",220.632875,-35.72825,"G     ",16550.9424662022,"    ","20096dF...C...0000J",13.1332171716397,6.19294599151817,-3726.1190214782],["2MASX J14414713-3539395",220.44645833333,-35.66105555556,"G     ",17402.052867573,"    ","20096dF...C...0000J",6.57406677610025,6.37596582022565,-2875.0086229464],["2MASX J14354211-3606587",218.92554166667,-36.11622222222,"G     ",17110.055252341,"    ","20096dF...C...0000J",-48.2506213128175,6.40271001317872,-3167.00623720443],["2MASX J14470891-3801210",221.787125,-38.02244444444,"G     ",20146.0525252981,"    ","1995ApJS..100...69F",128.2401023498,6.9234475235047,-131.008974374296],["2MASX J14332837-3637194",218.36816666667,-36.62208333333,"G     ",23260.8979730628,"    ","20096dF...C...0000J",-73.7715063948363,7.02924989319573,2983.83646300045],["2MASX J14394165-3531287",219.923625,-35.52472222222,"G     ",17294.1274024575,"    ","20096dF...C...0000J",-9.60239079239106,7.04239401524272,-2982.93408770187],["2MASX J14440538-3537413",221.02245833333,-35.62822222222,"G     ",17504.8813812175,"    ","20096dF...C...0000J",23.6027366615125,7.06146478788533,-2772.18010964486],["2MASX J14450851-3825167",221.2855,-38.42125,"G     ",20083.0977277874,"    ","20096dF...C...0000J",148.897787873719,7.06251468516966,-193.963771675022],["2MASX J14471872-3802220",221.82804166667,-38.03938888889,"G     ",19136.951827806,"    ","20096dF...C...0000J",128.021138567555,7.08439594281628,-1140.1096685004],["2MASX J14430288-3836229",220.76208333333,-38.60641666667,"G     ",17864.9321244765,"    ","20096dF...C...0000J",165.246332392253,7.09532685273876,-2412.12936758686],["2MASX J14450099-3541300",221.25408333333,-35.69163888889,"G     ",17661.0733722735,"    ","20096dF...C...0000J",30.6926001314797,7.18548837811132,-2615.98811910987],["2MASX J14333939-3751303",218.414125,-37.85841666667,"G     ",18043.908282458,"    ","20096dF...C...0000J",-118.856636096235,