{"references":["2012ApJS..199...26H","2003A&A...412...57P","1997ApJS..112..245N","2008ApJ...685.1320C","1992ApJS...83...29S","1995ApJS..100...69F"],"obj_counts":[0,0,0,4,30],"sr_at_10Mpc_deg":4.80654887197805,"num_redshifts":[17,4,4,3,3,2],"status":0,"target":"IRAS  03582+6012","data_table":[["IRAS  03582+6012",60.63533333333,60.34447222222,"GPair ",8997.07151702825,"    ","1992ApJS...83...29S",0,0,0],["2MASX J04012247+6030390",60.34366666667,60.51086111111,"G     ",7850.96467645803,"    ","2003A&A...412...57P",-40.7364884424336,0.456660110348651,-1146.10683674721],["2MASX J04071030+5934123",61.793,59.57005555556,"G     ",9182.043434252,"    ","2012ApJS..199...26H",142.68623091807,2.00782981793586,184.971916606754],["2MASX J04103297+5918121",62.6375,59.30344444444,"G     ",9104.097394912,"    ","2012ApJS..199...26H",135.099978842441,3.00579332056158,107.025877526754],["2MASX J04171667+6111077",64.31945833333,61.18552777778,"G     ",7674.08757533672,"    ","1997ApJS..112..245N",63.3471420163533,4.12339600595398,-1322.98393727852],["2MASX J03531336+6020218",58.305625,60.33938888889,"G     ",5402.85993593197,"    ","1995ApJS..100...69F",-89.2403272981105,2.39297242727971,-3594.21156910728],["2MFGC 03321",60.87658333333,61.50044444444,"G     ",4699.846379743,"    ","2012ApJS..199...26H",5.68616182647366,2.41198573133144,-4297.22512295125],["2MASX J04173066+5900387",64.37795833333,59.01080555556,"G     ",12853.0017649353,"    ","1997ApJS..112..245N",123.589561640161,4.80190806691558,3855.93023504505],["2MASX J04180187+5828432",64.507875,58.47869444444,"G     ",10568.883349586,"    ","2012ApJS..199...26H",131.755364554824,5.63522398608871,1571.81182731475],["2MASX J04180149+5828222",64.50645833333,58.47286111111,"G     ",10391.106421399,"    ","2012ApJS..199...26H",131.853327285103,5.6427384107417,1394.03489972075],["2MASX J04203071+5836491",65.128125,58.61366666667,"G     ",10285.87926829,"    ","2012ApJS..199...26H",125.231941213222,5.94713058553848,1288.80774696275],["2MASX J04045627+6312138",61.23454166667,63.20380555556,"G     ",8467.937796914,"    ","2012ApJS..199...26H",5.39679613366395,5.96888060062237,-529.133718349246],["2MASX J04242472+5918005",66.10295833333,59.30011111111,"G     ",4141.033236167,"    ","2012ApJS..199...26H",108.4270787947,6.10586082892881,-4856.03826466325],["2MASX J04202172+5810342",65.09058333333,58.17619444444,"G     ",10656.122955155,"    ","2012ApJS..199...26H",131.664462232028,6.53054403354142,1659.05143259275],["2MASX J04303255+5945418",67.63554166667,59.76166666667,"G     ",4847.943854489,"    ","2012ApJS..199...26H",96.4231718915385,7.35910285857086,-4149.12764869925],["2MASX J04312250+6055002",67.84379166667,60.91672222222,"G     ",4358.98232388075,"    ","1997ApJS..112..245N",77.6753665102931,7.43916645591684,-4638.08917767649],["2MASX J04315707+5925473",67.98783333333,59.42980555556,"G     ",4629.99482673374,"    ","2003A&A...412...57P",100.726301184187,7.89532058415541,-4367.07667572751],["2MASX J04235030+5740424",65.95954166667,57.67844444444,"G     ",9373.910608012,"    ","2012ApJS..199...26H",131.896520191755,7.94420585345756,376.839089726753],["2MASX J04325689+5946246",68.23708333333,59.7735,"G     ",5160.92733158123,"    ","2003A&A...412...57P",95.2509415938025,7.97103573365296,-3836.14417265102],["LDCE 0309",68.18416666667,59.56777777778,"GGroup",4665.96989183449,"    ","2008ApJ...685.1320C",98.3279649819529,8.01590431051317,-4331.10161074675],["2MFGC 03693",68.05504166667,61.79655555556,"G     ",7587.14752239275,"    ","1992ApJS...83...29S",64.7531092818397,8.04282117503985,-1409.92398993249],["2MASX J04324194+5925196",68.17466666667,59.42222222222,"G     ",4537.958451883,"    ","2012ApJS..199...26H",100.419691353391,8.08941616286546,-4459.11305027125],["HDCE 0295",68.33333333333,59.59055555556,"GGroup",4826.05903496124,"    ","2008ApJ...685.1320C",97.7219112184643,8.15630378287825,-4171.012468154],["2MASX J03515824+6413517",57.992625,64.231,"G     ",12078.038588192,"    ","2012ApJS..199...26H",-16.3828315652471,8.47309667045241,3080.96706088675],["2MFGC 03733",68.753875,59.66163888889,"G     ",4621.900340403,"    ","2012ApJS..199...26H",96.0167060920807,8.55206810639505,-4375.17116203125],["2MASX J03562118+5616598",59.08833333333,56.28330555556,"G     ",10415.0896082643,"    ","1997ApJS..112..245N",-168.023684068155,8.61086340347048,1418.01808650603],["2MASX J04250338+5717356",66.26395833333,57.29319444444,"G     ",4618.003038436,"    ","2012ApJS..199...26H",133.88084352678,8.76778102932241,-4379.06846398525],["2MASX J04361077+5919153",69.04495833333,59.32091666667,"G     ",5059.89697310577,"    ","2003A&A...412...57P",99.9540743931835,9.03576070663409,-3937.17453078947],["2MASX J04380428+6040123",69.51791666667,60.67013888889,"G     ",8478.13074052,"    ","1992ApJS...83...29S",81.8817630186661,9.11257757306711,-518.940774777246],["2MASX J04383036+6035440",69.6265,60.59566666667,"G     ",8607.94060545379,"    ","1995ApJS..100...69F",82.8488520707309,9.22416136305231,-389.130910276458],["2MASX J04270667+5711292",66.77770833333,57.19138888889,"G     ",10383.911402383,"    ","2012ApJS..199...26H",132.053937205779,9.31407866627273,1386.83988072875],["2MASX J04120222+5555441",63.00925,55.929,"G     ",4692.05198566372,"    ","2008ApJ...685.1320C",163.140511074799,9.54561853890448,-4305.01951700453],["2MFGC 03022",54.721875,64.24963888889,"G     ",10719.079371545,"    ","2012ApJS..199...26H",-32.5534904669711,9.92687576120337,1722.00784877275]],"message":"","center":" NED Adopted cz of 8997 km/s","sudo_density":[0,0,0,0.00763943726841099,0.0071619724391353],"ang_dist":"Angular-Size Distance = 118.9 Mpc","notice":""}